{
  "name": "flight",
  "description": "Clientside component infrastructure",
  "main": "lib/index.js",
  "version": "1.1.3",
  "ignore": [
    "doc",
    "tools",
    "test",
    ".gitignore",
    ".travis.yml",
    "CHANGELOG.md",
    "CONTRIBUTING.md",
    "Makefile",
    "karma.conf.js",
    "package.json"
  ],
  "dependencies": {
    "es5-shim": "2.0.0",
    "jquery": ">=1.8.0"
  },
  "homepage": "https://github.com/flightjs/flight",
  "_release": "1.1.3",
  "_resolution": {
    "type": "version",
    "tag": "v1.1.3",
    "commit": "bb5328dd35c0ba58d72c304dc37d0afa8598137c"
  },
  "_source": "git://github.com/flightjs/flight.git",
  "_target": "~1.1.0",
  "_originalSource": "flight"
}
